drug_name,spearman_scratch,p_scratch,mse_scratch,n_scratch,spearman_init_a,p_init_a,mse_init_a,n_init_a,delta_init_a_minus_scratch,drug_family
Imatinib,0.1222805795907501,0.0292444260379286,53590.40234375,318,0.1129188161614894,0.0442050634258252,53470.69140625,318,-0.009361763429260705,
Sorafenib,0.0828552056269234,0.1429584904544315,40301.38671875,314,0.1852182686585547,0.0009752750888544,40199.29296875,314,0.1023630630316313,
Crizotinib (PF-2341066),0.1045600625467277,0.0651037736253725,41833.30859375,312,0.2304828637767164,3.951955850728365e-05,41727.7890625,312,0.1259228012299887,
Erlotinib,0.0409515705386501,0.4717819915182412,52936.8671875,311,0.1335301164199665,0.0184775647247637,52817.421875,311,0.09257854588131641,
Sunitinib,0.0967689623148564,0.0884431581547426,42598.8828125,311,0.1969413980233487,0.000476932536296,42493.35546875,311,0.1001724357084923,
Dasatinib,-0.0665761543044699,0.2417375760738932,33804.76953125,311,0.0897603745718069,0.1141623640977684,33713.33203125,311,0.1563365288762768,
Vandetanib (ZD6474),0.0283444984538176,0.6190901691982026,52621.7734375,310,0.1257844534661192,0.0267930522037031,52503.5859375,310,0.09743995501230159,
Pazopanib (GW786034),0.0399376775396471,0.485684963474399,48642.74609375,307,0.0549809023814591,0.3369848116175256,48529.23046875,307,0.015043224841811996,
Gefitinib,0.0387256140071509,0.4990322161128153,58049.65625,307,0.0304417159340222,0.5951906166853224,57924.33984375,307,-0.008283898073128702,
Lapatinib,0.0296625120182869,0.6046515480318168,54225.39453125,307,0.1866498808992053,0.0010163809115948,54104.45703125,307,0.1569873688809184,
Axitinib (AG-013736),-0.0635593730548592,0.2676866747236233,39781.203125,306,0.105477282962569,0.0653741613555642,39679.14453125,306,0.1690366560174282,
Rapamycin,-0.0982820318260174,0.0860971341146467,32849.71484375,306,0.1204206670572077,0.0352436346842355,32758.955078125,306,0.2187026988832251,
Nilotinib,-0.0898105895911263,0.1187561142036107,54920.33203125,303,-0.0452085391942885,0.4329880943824878,54798.859375,303,0.044602050396837796,
Trametinib (GSK1120212),-0.2082603223167616,0.0002879455724842,22561.259765625,299,-0.0371564925913107,0.5221559087173447,22490.173828125,299,0.17110382972545088,
Ruxolitinib (INCB018424),-0.0460509108255979,0.4291191104689051,55515.34375,297,-0.0335120000371923,0.5651144313674575,55392.99609375,297,0.012538910788405605,
Bortezomib (Velcade),-0.0749209059604491,0.2002096899988245,28695.2578125,294,-0.0644891134143789,0.2703768793298257,28611.39453125,294,0.010431792546070198,proteasome_inhibitor
A-674563,0.0370763822422243,0.5272888860600546,24422.955078125,293,0.1127284402543714,0.0539173577869722,24344.900390625,293,0.0756520580121471,
YM-155,0.0901266295767836,0.1237410833118203,60412.39453125,293,0.146829617232612,0.011861885038494,60284.7109375,293,0.0567029876558284,
LY-333531,0.0840756278718521,0.1511349935951751,45440.75390625,293,0.1313915206072864,0.0244993771455402,45330.36328125,293,0.047315892735434295,
INK-128,-0.0414263592644321,0.4807104476392097,19227.96484375,292,0.1181882494734636,0.0435894737025352,19160.43359375,292,0.15961460873789568,
SNS-032 (BMS-387032),-0.0234365463743216,0.6900251895514816,12654.9267578125,292,0.021359667387787,0.7162537684633025,12599.650390625,292,0.0447962137621086,
JNJ-7706621,0.103672044073313,0.0769408047865602,55650.5078125,292,0.1232628899715759,0.0352636752553677,55527.75,292,0.019590845898262904,
PD173955,-0.0043062171565828,0.9415917530929774,41946.671875,292,0.0033624576027286,0.9543767890205956,41843.421875,292,0.0076686747593114,
Roscovitine (CYC-202),0.0806136680412765,0.1694866176130415,65643.96875,292,0.0948911811904479,0.105619609100181,65510.890625,292,0.014277513149171403,
BMS-345541,-0.0323690912542207,0.5823585524467869,53273.4296875,291,0.0210787976198591,0.7202913014228874,53153.359375,291,0.05344788887407981,
SB-431542,0.0554056543234637,0.3462923153794405,58426.1875,291,0.1332944400122679,0.0229537491971515,58301.55859375,291,0.0778887856888042,
VX-745,-0.0495321006493632,0.3998806096816043,38858.02734375,291,0.055856263863761,0.3423781205911415,38757.53125,291,0.1053883645131242,
Tofacitinib (CP-690550),0.001802056916123,0.9755817608307256,47560.859375,291,-0.0286169574386556,0.6268486187302007,47448.40234375,291,-0.0304190143547786,
Ponatinib (AP24534),-0.018574443847333,0.7527825835079672,24084.416015625,290,0.1434818660786262,0.0144642683237333,24007.783203125,290,0.1620563099259592,
Alisertib (MLN8237),0.0138817082919881,0.813908113057025,54154.953125,290,0.0725111048705408,0.2182825718981103,54034.46875,290,0.0586293965785527,
CI-1040 (PD184352),-0.2376205739134949,4.355672667905354e-05,38433.40234375,290,-0.0102829774629899,0.8615816770577133,38333.65234375,290,0.227337596450505,
Afatinib (BIBW-2992),-0.0394127256873172,0.503791767988734,31574.009765625,290,-0.0172983701931354,0.7692696875050568,31483.05078125,290,0.0221143554941818,
STO609,-0.0539763187432753,0.3597290205506256,65631.9921875,290,0.1409660878269492,0.0162965584341403,65498.30859375,290,0.1949424065702245,
Bosutinib (SKI-606),-0.0910021497080148,0.1227007334769152,42755.23828125,289,0.1561296567526555,0.0078366676766472,42649.4609375,289,0.2471318064606703,
Tozasertib (VX-680),0.0527758398961536,0.3713625021895434,46982.171875,289,0.0955434571991753,0.1050370264583486,46870.41015625,289,0.0427676173030217,
PHA-665752,0.0844279100661041,0.1522550750813305,48214.03515625,289,0.1166997960779409,0.0474707464613348,48100.7890625,289,0.032271886011836795,
PP242,-0.0203193065852323,0.7308713441058755,22180.259765625,289,0.1467805140636882,0.0124896715732834,22106.462890625,289,0.16709982064892048,
PI-103,0.0558043895738439,0.3445057403960838,21158.0078125,289,0.1523533814535773,0.0094882321714267,21086.025390625,289,0.0965489918797334,
Linifanib (ABT-869),-0.0326137343164024,0.5814876376465044,42434.49609375,288,0.0312642859994304,0.5972257095474993,42330.04296875,288,0.06387802031583281,
Vatalanib (PTK787),-0.0080554919938706,0.891731231860741,49097.26953125,288,0.1262446296767591,0.0322175547720053,48983.171875,288,0.13430012167062969,
Motesanib (AMG-706),-0.1480590964666295,0.0118830495090522,54403.953125,288,-0.0080739216408709,0.8914850537912234,54284.296875,288,0.1399851748257586,
Neratinib (HKI-272),-0.0308955109164338,0.6015598715475365,28925.107421875,288,-0.0108809937773718,0.8541240973712905,28839.333984375,288,0.020014517139062,
Flavopiridol,-0.0829981898926635,0.1600732376436952,21341.115234375,288,-0.0652859872616623,0.2694629992333032,21270.888671875,288,0.017712202631001192,
Canertinib (CI-1033),0.0872350114550239,0.1397277598641138,49007.20703125,288,0.1829619511846924,0.0018219200049613,48893.02734375,288,0.09572693972966852,
Dovitinib (CHIR-258),-0.0015427288416716,0.9792037932311404,26814.78125,288,0.2370882390328303,4.8214631786464287e-05,26732.953125,288,0.2386309678745019,
JAK Inhibitor I,-0.0644791250001644,0.2754385953644802,31724.615234375,288,0.0269495456771993,0.6487907866358349,31634.513671875,288,0.0914286706773637,
Barasertib (AZD1152-HQPA),0.1497559502244125,0.0109353980755701,48496.48046875,288,0.202996870207411,0.0005279755487599,48383.44140625,288,0.053240919982998514,
Pelitinib (EKB-569),0.0208595050090553,0.7249293825658304,27670.60546875,287,0.175008109289926,0.00293104553915,27586.345703125,287,0.15414860428087068,
Vargetef,0.0593174480700421,0.3166345355227688,36711.3984375,287,0.0645577051496283,0.2756949249247916,36614.53125,287,0.005240257079586204,
Selumetinib (AZD6244),-0.2575441375977503,9.925094674524402e-06,43581.1171875,287,-0.0710221093674251,0.2303510142775155,43476.82421875,287,0.1865220282303252,
JNJ-38877605,-0.0413652281672965,0.4851697182581834,57213.15625,287,0.1136392334423695,0.054479713445264,57088.83203125,287,0.155004461609666,
Cediranib (AZD2171),-0.1164342300927516,0.0487673561154653,62378.2578125,287,0.0070626723605681,0.9051734921371428,62248.73046875,287,0.12349690245331969,
Doramapimod (BIRB 796),-0.0763580621912988,0.1971110623732553,32438.265625,287,0.0076014185558248,0.8979779989192515,32348.396484375,287,0.0839594807471236,
MLN8054,0.0462670942318295,0.4349131708682405,62863.953125,287,-0.0574996250014757,0.3317188220311546,62733.4921875,287,-0.1037667192333052,
CHIR-99021,0.0428969715591818,0.4691378441108055,71152.4609375,287,0.1222950517775701,0.0384012436719559,71013.59375,287,0.07939808021838829,
CYT387,0.015413733448944,0.7948629550426755,33697.578125,287,0.0816574023183903,0.1677000134481214,33604.23046875,287,0.0662436688694463,
Foretinib (XL880),0.0014834993400058,0.9800721994290376,19620.052734375,286,0.1748035656353654,0.0030158234650085,19551.826171875,286,0.1733200662953596,
BEZ235,-0.0174957487900494,0.7682943263869039,26871.66015625,286,0.1470225461898792,0.0128092821373822,26789.90234375,286,0.1645182949799286,
KU-55933,0.0706527266703676,0.2336134247744572,57104.10546875,286,0.0553855435271166,0.3506810617496343,56980.69140625,286,-0.015267183143250991,
NVP-TAE684,0.1166136108930653,0.0488148644846426,40034.44921875,286,0.1140209496061344,0.0540905834996952,39932.4609375,286,-0.002592661286930892,
Vismodegib (GDC-0449),-0.0538832787515261,0.3639215847758378,74910.953125,286,0.0276637299653183,0.641303947399651,74768.296875,286,0.0815470087168444,
AZD1480,-0.0940528882426468,0.1131183627482256,51087.95703125,285,0.0008099813548791,0.9891379623048376,50971.29296875,285,0.0948628695975259,
Regorafenib (BAY 73-4506),-0.0045693073387345,0.938782512299421,37080.80859375,285,0.2015976129380045,0.0006179308899969,36981.67578125,285,0.206166920276739,
GSK-1838705A,0.1566889028334771,0.0080497526136579,46583.3984375,285,0.0679583906744812,0.252810264139303,46472.2109375,285,-0.08873051215899591,
GDC-0879,0.0092064170041134,0.8770243781142409,73266.171875,285,0.1002261134897726,0.0912519467888917,73125.0859375,285,0.0910196964856592,
PHT-427,-0.1032282700745928,0.0819142893289977,70270.2578125,285,0.0066018820244966,0.9116449032630032,70132.34375,285,0.1098301520990894,
KW-2449,0.0993088318481216,0.0942688954643768,44214.0546875,285,0.1687062268705353,0.0042891841557272,44107.40625,285,0.0693973950224137,
XAV-939,-0.0775396030898389,0.1926020882592093,61136.66796875,284,0.1226183563762009,0.0389148055184917,61008.94921875,284,0.20015795946603981,
Tivozanib (AV-951),-0.0047275199524319,0.9367791687103942,31771.39453125,284,0.1662602641843408,0.0049682103744232,31683.552734375,284,0.1709877841367727,
SGX-523,-0.0284048171229257,0.6335960529550647,62823.875,284,0.0837503692374681,0.1592389610274592,62693.78125,284,0.1121551863603938,
Saracatinib (AZD0530),-0.0744342906163442,0.2110832974689829,47916.91796875,284,0.1456217016765862,0.0140358443739063,47804.015625,284,0.22005599229293038,
PRT062607,0.0025130554329919,0.9663679228053438,39789.796875,284,0.0654935136323986,0.2713190604168621,39687.515625,284,0.06298045819940669,
MK-2206,-0.0525690078930801,0.3774459718978498,45665.60546875,284,0.0875922810506078,0.1408986987443999,45557.14453125,284,0.1401612889436879,
MLN120B,-0.0434792573894562,0.4654885321090924,54488.31640625,284,0.036808676582057,0.5367174319246336,54367.79296875,284,0.0802879339715132,
RAF265 (CHIR-265),-0.0050410414642432,0.93259609083231,29791.134765625,284,0.1267867943228445,0.0326914624310396,29703.5078125,284,0.1318278357870877,
17-AAG (Tanespimycin),-0.1223583161905622,0.0393341626708296,26439.724609375,284,0.1308775189838459,0.0274292633103262,26358.0703125,284,0.25323583517440806,
Crenolanib,0.0369246791919204,0.5354337630662129,49674.04296875,284,0.2458655258635957,2.7942932074358624e-05,49559.7734375,284,0.20894084667167528,
KI20227,-0.0744293115531761,0.2111139203642423,39086.875,284,0.0719183545518194,0.2269667003693846,38987.80859375,284,0.1463476661049955,
GSK690693,0.0319568515263821,0.5924045207604927,55630.12109375,283,0.1070739522600347,0.0721035086000184,55508.16796875,283,0.0751171007336526,
NF-kB Activation Inhibitor,-0.0055735857463228,0.9256271306069068,45126.39453125,283,0.1494963212693801,0.0118039410034301,45018.328125,283,0.1550699070157029,
Cabozantinib,0.0482957147600145,0.4183218140641394,33470.90625,283,0.2675861521261871,4.9927967358088965e-06,33379.203125,283,0.2192904373661726,
GSK-1904529A,0.1065252700860445,0.073583394747723,56870.70703125,283,0.0505911781392689,0.3965206253804943,56747.08984375,283,-0.055934091946775594,
Midostaurin,0.0953390066071739,0.1095100442789476,42803.95703125,283,0.2418419711586689,3.929240775244588e-05,42698.5625,283,0.146502964551495,
Masitinib (AB-1010),0.0065256241783635,0.913124532494582,41699.34765625,282,0.1202634171049562,0.0435990139196015,41594.90625,282,0.1137377929265927,
TG100-115,-0.0607727393442132,0.3091747631839372,58336.890625,282,0.0634060762904897,0.2886409238012494,58211.40625,282,0.1241788156347029,
MGCD-265,-0.0158268577939681,0.7916717220048829,44169.140625,281,0.2008312442263493,0.0007089287499208,44061.859375,281,0.21665810202031738,
S31-201,-0.0005981701456043,0.9920352789316258,51150.34375,281,0.16610919427866,0.0052463614072174,51034.59765625,281,0.1667073644242643,
SU11274,0.0249384219385444,0.6772304179301384,49532.24609375,281,0.1393907590863419,0.0194068302521041,49417.12109375,281,0.11445233714779751,
Idelalisib,-0.0550500968537444,0.3587551983550184,38069.60546875,280,0.1014294769247462,0.0902617402124467,37970.33203125,280,0.1564795737784906,
AT7519,-0.0646441433608114,0.2819056718422055,21002.115234375,279,-0.0253307696633368,0.673554051824694,20929.09375,279,0.03931337369747459,
JNJ-28312141,-0.0571836041012705,0.3412769396887504,24535.123046875,279,0.1471288273762824,0.013897415497108,24459.185546875,279,0.2043124314775529,
Quizartinib (AC220),0.1044903166134886,0.0820144495558034,24716.1875,278,0.1815924555809703,0.0023703503630156,24637.91015625,278,0.0771021389674817,
GW-2580,-0.0366124241040815,0.5439835441614347,47117.30859375,277,0.1424689531407669,0.0176658501907048,47005.3359375,277,0.1790813772448484,
NVP-ADW742,0.176200671434346,0.0032572379736821,48728.78125,277,0.1695505319973929,0.004660067406994,48614.83203125,277,-0.006650139436953112,
Elesclomol,-0.1251615288517726,0.0391288879950242,6821.27099609375,272,-0.201532072627924,0.0008293497752417,6789.25732421875,272,-0.0763705437761514,
GDC-0941,-0.0532255819771295,0.384565097578379,27222.86328125,269,-0.006427296049115,0.9164347841274978,27139.482421875,269,0.0467982859280145,
Ibrutinib (PCI-32765),-0.0313995095738108,0.6177303603804477,45335.671875,255,0.1955028166215138,0.0017073453585928,45226.609375,255,0.2269023261953246,
ABT-737,0.0285711236364311,0.6643883842159792,37521.46484375,233,0.0007978466678188,0.9903353769126364,37423.64453125,233,-0.027773276968612298,
DBZ,0.1307938583209441,0.0635431126451981,54489.265625,202,-0.0105139787216342,0.881941499385563,54368.8828125,202,-0.1413078370425783,
Vemurafenib (PLX-4032),0.1511824223064596,0.0326029478295002,64061.62890625,200,0.1819971663945636,0.009900846106008,63929.921875,200,0.030814744088104,
Venetoclax,0.0956695094004164,0.1939631891923238,31336.783203125,186,0.0679486946377849,0.3567815783209703,31251.69921875,186,-0.027720814762631496,BCL2_inhibitor
JQ1,-0.2135719218630841,0.0036033149682459,20712.048828125,184,-0.1600061258908368,0.0300344406643242,20640.318359375,184,0.05356579597224731,
Volasertib (BI-6727),-0.1273157972808295,0.0858895073621623,26263.69921875,183,-0.0981122617323332,0.1863900768718704,26180.814453125,183,0.029203535548496307,
Lenvatinib,-0.1809518220052842,0.0147789887887155,32028.375,181,0.1665345309369018,0.0250493562589882,31937.373046875,181,0.347486352942186,
Bay 11-7085,0.0517133474086474,0.489330154440158,61681.42578125,181,0.0701104472024279,0.3483166693675922,61552.81640625,181,0.0183970997937805,
Nutlin 3a,-0.0066612140421237,0.93212133607888,66792.9765625,166,0.153382389583184,0.0485010780957757,66658.25,166,0.1600436036253077,
Entospletinib (GS-9973),0.0605061831266892,0.4590020154620646,38408.31640625,152,0.2340084167661914,0.003712232329368,38308.28125,152,0.1735022336395022,
Palbociclib,0.1608755765340266,0.066411900937593,56909.59375,131,0.2417771016139185,0.0054001021910695,56785.80859375,131,0.0809015250798919,CDK_inhibitor
Panobinostat,-0.3409280141015789,8.217361312394768e-05,15124.560546875,128,-0.1006101617347752,0.258485638942217,15071.4052734375,128,0.2403178523668037,HDAC_inhibitor
Gilteritinib (ASP-2215),0.1340027420835926,0.1533583828965955,23879.84375,115,0.1819164592148957,0.0516795485311039,23803.365234375,115,0.047913717131303074,
BI-2536,-0.2258161216626095,0.0199385577950592,28562.087890625,106,0.0811152592454635,0.4084672795234456,28476.009765625,106,0.30693138090807304,
Lovastatin,-0.0109444758684477,0.9126298548050644,55130.94140625,103,0.0493654620267992,0.6204642902460884,55010.296875,103,0.0603099378952469,
SR9011,0.0121855769801367,0.9027680879613468,63524.06640625,103,-0.0222262507325324,0.8236550553793824,63393.42578125,103,-0.034411827712669096,
Lenalidomide,0.183811145987022,0.0671553719641832,60064.765625,100,0.1574940895490192,0.1176008486500079,59938.96875,100,-0.026317056438002806,IMiD
Staurosporine,-0.1292419453747818,0.2356287052906818,41429.9765625,86,-0.0791561707046089,0.4687831210490288,41327.328125,86,0.05008577467017292,
PLX-4720,-0.16906390463162,0.1219185286292183,53005.98828125,85,0.0734331333564766,0.5041984425383722,52886.41015625,85,0.24249703798809658,
TG101348,-0.0570714915410771,0.6083160070480292,26635.099609375,83,0.0497050859663244,0.6554214748773283,26551.55078125,83,0.1067765775074015,
Go6976,0.0361025985475001,0.7459169554437975,38014.703125,83,0.1231922084190701,0.2671946687390364,37915.203125,83,0.08708960987157,
Tandutinib (MLN518),-0.0764453477868112,0.4975763554432298,42654.30078125,81,0.1773075273154805,0.1132984734525873,42548.48828125,81,0.2537528751022917,
Lestaurtinib (CEP-701),-0.0451945616502578,0.6905756862405212,31511.16796875,80,0.0636208068812135,0.5750331695805966,31421.1875,80,0.10881536853147131,
Selinexor,-0.0595774349453756,0.6091895600124472,17856.494140625,76,0.0397413463153011,0.7332166511310932,17792.578125,76,0.0993187812606767,XPO1_inhibitor
Entrectinib,-0.0075091959075179,0.9570222869061028,33861.3828125,54,0.0684594713193005,0.6228050613846559,33767.4453125,54,0.0759686672268184,
